<?xml version="1.0" encoding="UTF-8"?>
<project-private xmlns="http://www.netbeans.org/ns/project-private/1">
    <editor-bookmarks xmlns="http://www.netbeans.org/ns/editor-bookmarks/2" lastBookmarkId="0"/>
    <open-files xmlns="http://www.netbeans.org/ns/projectui-open-files/2">
        <group name="JavaAdventureGames">
            <file>file:/E:/Bitwise/BOOKS/Programming/JavaAdventureGames/SOURCECODE/AdventureGame3/src/AdventureGame.java</file>
            <file>file:/E:/Bitwise/BOOKS/Programming/JavaAdventureGames/SOURCECODE/AdventureGame3/src/game/Game.java</file>
        </group>
        <group name="AdventureGames">
            <file>file:/E:/Bitwise/BOOKS/Programming/JavaAdventureGames/SOURCECODE/Starcrash/src/game/data/VocabularyData.java</file>
        </group>
        <group name="JavaAdventureGameProjects">
            <file>file:/E:/Bitwise/BOOKS/Programming/JavaAdventureGames/SOURCECODE/Starcrash/src/gameobjects/Actor.java</file>
            <file>file:/E:/Bitwise/BOOKS/Programming/JavaAdventureGames/SOURCECODE/Starcrash/src/game/data/VocabularyData.java</file>
            <file>file:/E:/Bitwise/BOOKS/Programming/JavaAdventureGames/SOURCECODE/Starcrash/src/game/data/GameData.java</file>
            <file>file:/E:/Bitwise/BOOKS/Programming/JavaAdventureGames/SOURCECODE/Starcrash/src/gameobjects/special/Actions.java</file>
            <file>file:/E:/Bitwise/BOOKS/Programming/JavaAdventureGames/SOURCECODE/Starcrash/src/gameobjects/GenericThing.java</file>
            <file>file:/E:/Bitwise/BOOKS/Programming/JavaAdventureGames/SOURCECODE/Starcrash/src/game/Game.java</file>
            <file>file:/E:/Bitwise/BOOKS/Programming/JavaAdventureGames/SOURCECODE/Starcrash/src/gameobjects/lists/ThingAndThingHolderList.java</file>
            <file>file:/E:/Bitwise/BOOKS/Programming/JavaAdventureGames/SOURCECODE/Starcrash/src/game/Starcrash.java</file>
            <file>file:/E:/Bitwise/BOOKS/Programming/JavaAdventureGames/SOURCECODE/Starcrash/src/gameobjects/Thing.java</file>
        </group>
        <group>
            <file>file:/C:/SOURCECODE/Starcrash/src/game/grammar/Verb.java</file>
            <file>file:/C:/SOURCECODE/Starcrash/src/game/Parser.java</file>
            <file>file:/C:/SOURCECODE/Starcrash/src/gameobjects/GenericThing.java</file>
            <file>file:/C:/SOURCECODE/Starcrash/src/game/data/GameData.java</file>
            <file>file:/C:/SOURCECODE/Starcrash/src/gameobjects/lists/tools/ListTool.java</file>
            <file>file:/C:/SOURCECODE/Starcrash/src/gameobjects/Actor.java</file>
            <file>file:/C:/SOURCECODE/Starcrash/src/game/data/VocabularyData.java</file>
            <file>file:/C:/SOURCECODE/Starcrash/src/game/grammar/GrammarUnit.java</file>
            <file>file:/C:/SOURCECODE/Starcrash/src/game/grammar/SentenceAnalyzer.java</file>
        </group>
    </open-files>
</project-private>
