<?xml version="1.0" encoding="UTF-8"?>
<project-private xmlns="http://www.netbeans.org/ns/project-private/1">
    <editor-bookmarks xmlns="http://www.netbeans.org/ns/editor-bookmarks/2" lastBookmarkId="0"/>
    <open-files xmlns="http://www.netbeans.org/ns/projectui-open-files/2">
        <group name="JavaAdventureGames">
            <file>file:/E:/Bitwise/BOOKS/Programming/JavaAdventureGames/SOURCECODE/AdventureGame3/src/AdventureGame.java</file>
            <file>file:/E:/Bitwise/BOOKS/Programming/JavaAdventureGames/SOURCECODE/AdventureGame3/src/game/Game.java</file>
        </group>
        <group name="AdventureGames"/>
        <group name="JavaAdventureGameProjects"/>
        <group>
            <file>file:/C:/SOURCECODE/Starcrash-beta/src/game/Game.java</file>
        </group>
    </open-files>
</project-private>
